<?xml version="1.0" encoding="UTF-8"?>
<beans  xmlns="http://www.springframework.org/schema/beans"
        xmlns:xsi="http://www.w3.org/2001/XMLSchema-instance"
        xmlns:mvc="http://www.springframework.org/schema/mvc"
        xmlns:context="http://www.springframework.org/schema/context"
        xsi:schemaLocation="
            http://www.springframework.org/schema/mvc http://www.springframework.org/schema/mvc/spring-mvc.xsd
            http://www.springframework.org/schema/beans http://www.springframework.org/schema/beans/spring-beans.xsd
            http://www.springframework.org/schema/context http://www.springframework.org/schema/context/spring-context.xsd">

      <mvc:annotation-driven />
      <context:annotation-config/>
	  <context:component-scan  base-package="com.payroll.controller" /> 
	  
	  <context:component-scan base-package="com.payroll.serviceImpl" />
	  <context:component-scan base-package="com.payroll.service" />
	  
	  <context:component-scan base-package="com.payroll.dao" />
	   <context:component-scan base-package="com.payroll.daoImpl" />
	    <context:component-scan base-package="com.payroll.mail" />
	     <context:component-scan base-package="com.payroll.pdf" />
	    

	    <!-- <mvc:resources mapping="/resources/**" location="/resources/css/"
	        cache-period="31556926"/> -->
	
	  
	  <mvc:resources mapping="/resources/**" location="/resources/" />
      <mvc:default-servlet-handler />

	<bean id="multipartResolver" class="org.springframework.web.multipart.commons.CommonsMultipartResolver">
    		<property name="maxUploadSize" value="268435456"/> <!-- 256 megs -->
	</bean> 	 
    <bean id="viewResolver"
		class="org.springframework.web.servlet.view.InternalResourceViewResolver">
		<property name="prefix">
			<value>/WEB-INF/pages/</value>
		</property>
		<property name="suffix">
			<value>.jsp</value>
		</property>
	</bean>
		
      
      
</beans>
