<beans xmlns="http://www.springframework.org/schema/beans"
xmlns:xsi="http://www.w3.org/2001/XMLSchema-instance"
xsi:schemaLocation="http://www.springframework.org/schema/beans
http://www.springframework.org/schema/beans/spring-beans-2.5.xsd">

	
	<bean id="mailSender" class="org.springframework.mail.javamail.JavaMailSenderImpl">
	<property name="host" value="smtp.gmail.com" />
	<property name="port" value="587" />
	<property name="username" value="tejareddy.bhreddy@gmail.com" />
	<property name="password" value="8179873801" />
	 <property name="javaMailProperties">
	    <props>
	        <prop key="mail.smtp.starttls.enable">true</prop>
	        <prop key="mail.smtp.ssl.trust">smtp.gmail.com</prop>
	        <prop key="mail.smtp.auth">true</prop>
	    </props> 
	</property>
	
	<!-- <property name="javaMailProperties">
            <props>
                <prop key="mail.transport.protocol">smtp</prop>
                <prop key="mail.smtp.auth">true</prop>
                <prop key="mail.smtp.starttls.enable">false</prop>
            </props>
        </property> -->
        
	</bean>


<!-- 
<bean id="mailMail" class="com.mkyong.common.MailMail">
	<property name="mailSender" ref="mailSender" />
</bean>
 -->
</beans>

