<beans xmlns="http://www.springframework.org/schema/beans"  
    xmlns:xsi="http://www.w3.org/2001/XMLSchema-instance"  
    xmlns:p="http://www.springframework.org/schema/p"  
    xmlns:context="http://www.springframework.org/schema/context"  
    xsi:schemaLocation="http://www.springframework.org/schema/beans  
http://www.springframework.org/schema/beans/spring-beans-4.0.xsd  
http://www.springframework.org/schema/context  
http://www.springframework.org/schema/context/spring-context-4.0.xsd">  
	
   <!--<context:component-scan  base-package="com.mkyong.common.controller" />  -->
	 
	  <bean id="dataSource" class="org.apache.commons.dbcp.BasicDataSource">  
        <property name="driverClassName"  value="com.mysql.jdbc.Driver"></property>  
        <property name="url" value="jdbc:mysql://localhost:3306/payroll"></property>  
        <property name="username" value="root"></property>  
        <property name="password" value="root"></property>  
    </bean>  
      
      
      <bean id="sessionFactory"
			class="org.springframework.orm.hibernate4.LocalSessionFactoryBean">
			

		    <property name="dataSource">
		      <ref bean="dataSource"/>
		    </property>

		    <property name="hibernateProperties">
		       <props>
		         <prop key="hibernate.dialect">org.hibernate.dialect.MySQLDialect</prop>
		         <prop key="hibernate.show_sql">true</prop>
		         <prop key="hibernate.current_session_context_class">thread</prop>
		       </props>
		    </property>
		
		    <property name="annotatedClasses">
			<list>
			    <value>com.payroll.entity.User</value>
			    <value>com.payroll.entity.BusinessUnit</value>
				<value>com.payroll.entity.Employee</value>
				<value>com.payroll.entity.Designations</value>
				<value>com.payroll.entity.ProvidentFund</value>
				<value>com.payroll.entity.Salary</value>
				<value>com.payroll.entity.Payroll</value>
			</list>
		    </property>
		
    </bean>
    
   <!--  <bean id="sessionFactory" class="org.springframework.orm.hibernate3.LocalSessionFactoryBean">
        <property name="dataSource" ref="dataSource"></property> 
        <property name="mappingResources">  
        <list>  
      		  <value>User.hbm.xml</value>  
        </list>  
        </property>  
          
       <property name="hibernateProperties">  
            <props>  
                <prop key="hibernate.dialect">org.hibernate.dialect.MySQLDialect</prop>  
                <prop key="hibernate.current_session_context_class">thread</prop>
            </props> 
            
        </property> 
            
    </bean>   -->
      
    
    <!--  <bean id="d" class="com.controller.InsertController">  
    <property name="sessionFactory" ref="sessionFactory"></property>  
    </bean>  -->

      
      
</beans>
