<beans:beans xmlns="http://www.springframework.org/schema/security"
	xmlns:beans="http://www.springframework.org/schema/beans"
	xmlns:xsi="http://www.w3.org/2001/XMLSchema-instance"
	xsi:schemaLocation="http://www.springframework.org/schema/beans
	http://www.springframework.org/schema/beans/spring-beans-3.2.xsd
	http://www.springframework.org/schema/security
	http://www.springframework.org/schema/security/spring-security-3.2.xsd">
	
	<!-- <http pattern="/css/*" security="none"/> -->
	<http pattern="/resources/css/*" security="none"/>
	<http pattern="/resources/js/*" security="none"/>
	<http pattern="/resources/images/*" security="none"/>
	
	<http pattern="/registration" security="none"/>
	<http pattern="/insertregistration" security="none"/>
	
	
	<http auto-config="true" use-expressions="true">
	    
	    <intercept-url pattern="/login*" access="isAnonymous()" />	
        <intercept-url pattern="/**" access="isAuthenticated()" />
        
		
		<form-login
		    login-page="/login"
		    default-target-url="/dashboard"
		    always-use-default-target="true"  
			authentication-failure-url="/login?error"
			username-parameter="username"
			password-parameter="password" />
		<csrf/>
	</http>
	
	<authentication-manager>
		<authentication-provider>
			<user-service>
				<user name="bis" password="bis" authorities="ROLE_USER" />
			</user-service>
		</authentication-provider>
	</authentication-manager>

</beans:beans>